driverStandingsId,raceId,driverId,points,position,positionText,wins
70718,1051,9,0.0,20,20,0
70717,1051,853,0.0,21,21,0
70716,1051,4,77.0,10,10,0
70715,1051,849,7.0,17,17,0
70714,1051,842,92.0,9,9,0
70713,1051,854,0.0,19,19,0
70712,1051,20,43.0,12,12,0
70711,1051,847,16.0,15,15,0
70710,1051,839,60.0,11,11,1
70709,1051,841,1.0,18,18,0
70708,1051,8,10.0,16,16,0
70707,1051,840,34.0,13,13,0
70706,1051,852,20.0,14,14,0
70705,1051,832,145.5,7,7,0
70704,1051,817,105.0,8,8,1
70703,1051,844,152.0,6,6,0
70702,1051,815,190.0,4,4,1
70701,1051,846,153.0,5,5,0
70700,1051,822,203.0,3,3,1
70699,1051,830,351.5,1,1,9
70698,1051,1,343.5,2,2,7
70231,1052,1,25.0,1,1,1
70232,1052,830,18.0,2,2,0
70233,1052,822,16.0,3,3,0
70234,1052,846,12.0,4,4,0
70235,1052,815,10.0,5,5,0
70236,1052,844,8.0,6,6,0
70237,1052,817,6.0,7,7,0
70238,1052,832,4.0,8,8,0
70239,1052,852,2.0,9,9,0
70240,1052,840,1.0,10,10,0
70241,1052,8,0.0,11,11,0
70242,1052,841,0.0,12,12,0
70243,1052,839,0.0,13,13,0
70244,1052,847,0.0,14,14,0
70245,1052,20,0.0,15,15,0
70246,1052,854,0.0,16,16,0
70247,1052,842,0.0,17,17,0
70248,1052,849,0.0,18,18,0
70249,1052,4,0.0,19,19,0
70250,1052,853,0.0,20,20,0
70300,1053,840,5.0,10,10,0
70295,1053,815,10.0,8,8,0
70310,1053,853,0.0,19,19,0
70309,1053,4,1.0,13,13,0
70308,1053,849,0.0,20,20,0
70307,1053,842,6.0,9,9,0
70298,1053,832,14.0,6,6,0
70296,1053,844,20.0,4,4,0
70292,1053,830,43.0,2,2,1
70305,1053,20,0.0,17,17,0
70304,1053,847,0.0,16,16,0
70306,1053,854,0.0,18,18,0
70303,1053,839,2.0,12,12,0
70302,1053,841,0.0,15,15,0
70301,1053,8,0.0,14,14,0
70299,1053,852,2.0,11,11,0
70297,1053,817,14.0,7,7,0
70294,1053,846,27.0,3,3,0
70293,1053,822,16.0,5,5,0
70291,1053,1,44.0,1,1,1
70311,1054,1,69.0,1,1,2
70312,1054,830,61.0,2,2,1
70313,1054,822,32.0,4,4,0
70314,1054,846,37.0,3,3,0
70315,1054,815,22.0,6,6,0
70316,1054,844,28.0,5,5,0
70317,1054,817,16.0,7,7,0
70318,1054,832,14.0,8,8,0
70319,1054,852,2.0,13,13,0
70320,1054,840,5.0,11,11,0
70321,1054,8,0.0,14,14,0
70322,1054,841,0.0,15,15,0
70323,1054,839,8.0,9,9,0
70324,1054,847,0.0,17,17,0
70325,1054,20,0.0,16,16,0
70326,1054,854,0.0,18,18,0
70327,1054,842,7.0,10,10,0
70328,1054,849,0.0,20,20,0
70329,1054,4,5.0,12,12,0
70330,1054,853,0.0,19,19,0
70331,1055,1,94.0,1,1,3
70332,1055,830,80.0,2,2,1
70333,1055,822,47.0,3,3,0
70334,1055,846,41.0,4,4,0
70335,1055,815,32.0,6,6,0
70336,1055,844,40.0,5,5,0
70337,1055,817,24.0,7,7,0
70338,1055,832,20.0,8,8,0
70339,1055,852,2.0,13,13,0
70340,1055,840,5.0,11,11,0
70341,1055,8,0.0,14,14,0
70342,1055,841,0.0,15,15,0
70343,1055,839,10.0,9,9,0
70344,1055,847,0.0,17,17,0
70345,1055,20,0.0,16,16,0
70346,1055,854,0.0,18,18,0
70347,1055,842,8.0,10,10,0
70348,1055,849,0.0,19,19,0
70349,1055,4,5.0,12,12,0
70350,1055,853,0.0,20,20,0
70351,1056,1,101.0,2,2,3
70352,1056,830,105.0,1,1,2
70353,1056,822,47.0,4,4,0
70354,1056,846,56.0,3,3,0
70355,1056,815,44.0,5,5,0
70356,1056,844,40.0,6,6,0
70357,1056,817,24.0,8,8,0
70358,1056,832,38.0,7,7,0
70359,1056,852,2.0,14,14,0
70360,1056,840,9.0,12,12,0
70361,1056,8,0.0,16,16,0
70362,1056,841,1.0,15,15,0
70363,1056,839,12.0,10,10,0
70364,1056,847,0.0,17,17,0
70365,1056,20,10.0,11,11,0
70366,1056,854,0.0,19,19,0
70367,1056,842,16.0,9,9,0
70368,1056,849,0.0,18,18,0
70369,1056,4,5.0,13,13,0
70370,1056,853,0.0,20,20,0
70371,1057,1,101.0,2,2,3
70372,1057,830,105.0,1,1,2
70373,1057,822,47.0,6,6,0
70374,1057,846,66.0,4,4,0
70375,1057,815,69.0,3,3,1
70376,1057,844,52.0,5,5,0
70377,1057,817,26.0,10,10,0
70378,1057,832,42.0,7,7,0
70379,1057,852,8.0,14,14,0
70380,1057,840,9.0,13,13,0
70381,1057,8,1.0,15,15,0
70382,1057,841,1.0,16,16,0
70383,1057,839,12.0,12,12,0
70384,1057,847,0.0,18,18,0
70385,1057,20,28.0,9,9,0
70386,1057,854,0.0,17,17,0
70387,1057,842,31.0,8,8,0
70388,1057,849,0.0,20,20,0
70389,1057,4,13.0,11,11,0
70390,1057,853,0.0,19,19,0
70391,1059,1,119.0,2,2,3
70392,1059,830,131.0,1,1,3
70393,1059,822,59.0,5,5,0
70394,1059,846,76.0,4,4,0
70395,1059,815,84.0,3,3,1
70396,1059,844,52.0,6,6,0
70397,1059,817,34.0,9,9,0
70398,1059,832,42.0,7,7,0
70399,1059,852,8.0,14,14,0
70400,1059,840,10.0,13,13,0
70401,1059,8,1.0,15,15,0
70402,1059,841,1.0,16,16,0
70403,1059,839,12.0,12,12,0
70404,1059,847,0.0,17,17,0
70405,1059,20,30.0,10,10,0
70406,1059,854,0.0,18,18,0
70407,1059,842,37.0,8,8,0
70408,1059,849,0.0,20,20,0
70409,1059,4,17.0,11,11,0
70410,1059,853,0.0,19,19,0
70411,1058,1,138.0,2,2,3
70412,1058,830,156.0,1,1,4
70413,1058,822,74.0,5,5,0
70414,1058,846,86.0,4,4,0
70415,1058,815,96.0,3,3,1
70416,1058,844,58.0,6,6,0
70417,1058,817,34.0,9,9,0
70418,1058,832,50.0,7,7,0
70419,1058,852,9.0,14,14,0
70420,1058,840,14.0,12,12,0
70421,1058,8,1.0,15,15,0
70422,1058,841,1.0,16,16,0
70423,1058,839,12.0,13,13,0
70424,1058,847,0.0,17,17,0
70425,1058,20,30.0,10,10,0
70426,1058,854,0.0,18,18,0
70427,1058,842,37.0,8,8,0
70428,1058,849,0.0,20,20,0
70429,1058,4,19.0,11,11,0
70430,1058,853,0.0,19,19,0
70468,1060,849,0.0,20,20,0
70467,1060,842,39.0,9,9,0
70465,1060,20,30.0,10,10,0
70464,1060,847,0.0,17,17,0
70461,1060,8,1.0,15,15,0
70458,1060,832,60.0,7,7,0
70456,1060,844,62.0,6,6,0
70455,1060,815,104.0,3,3,1
70454,1060,846,101.0,4,4,0
70452,1060,830,182.0,1,1,5
70470,1060,853,0.0,19,19,0
70469,1060,4,20.0,11,11,0
70466,1060,854,0.0,18,18,0
70453,1060,822,92.0,5,5,0
70460,1060,840,14.0,12,12,0
70463,1060,839,12.0,13,13,0
70462,1060,841,1.0,16,16,0
70459,1060,852,9.0,14,14,0
70457,1060,817,40.0,8,8,0
70451,1060,1,150.0,2,2,3
70471,1061,1,177.0,2,2,4
70472,1061,830,185.0,1,1,5
70473,1061,822,108.0,4,4,0
70474,1061,846,113.0,3,3,0
70475,1061,815,104.0,5,5,1
70476,1061,844,80.0,6,6,0
70477,1061,817,50.0,8,8,0
70478,1061,832,68.0,7,7,0
70479,1061,852,10.0,14,14,0
70480,1061,840,18.0,12,12,0
70481,1061,8,1.0,15,15,0
70482,1061,841,1.0,16,16,0
70483,1061,839,14.0,13,13,0
70484,1061,847,0.0,17,17,0
70485,1061,20,30.0,10,10,0
70486,1061,854,0.0,18,18,0
70487,1061,842,39.0,9,9,0
70488,1061,849,0.0,19,19,0
70489,1061,4,26.0,11,11,0
70490,1061,853,0.0,20,20,0
70528,1062,849,6.0,15,15,0
70527,1062,842,50.0,8,8,0
70525,1062,20,30.0,12,12,0
70524,1062,847,4.0,16,16,0
70523,1062,839,39.0,10,10,1
70521,1062,8,2.0,17,17,0
70520,1062,840,18.0,14,14,0
70517,1062,817,50.0,9,9,0
70515,1062,815,104.0,5,5,1
70513,1062,822,108.0,4,4,0
70530,1062,853,0.0,20,20,0
70529,1062,4,38.0,11,11,0
70526,1062,854,0.0,19,19,0
70519,1062,852,18.0,13,13,0
70516,1062,844,80.0,7,7,0
70512,1062,830,187.0,2,2,5
70514,1062,846,113.0,3,3,0
70522,1062,841,1.0,18,18,0
70518,1062,832,83.0,6,6,0
70511,1062,1,195.0,1,1,4
70531,1063,1,202.5,1,1,4
70532,1063,830,199.5,2,2,6
70533,1063,822,108.0,4,4,0
70534,1063,846,113.0,3,3,0
70535,1063,815,104.0,5,5,1
70536,1063,844,82.0,7,7,0
70537,1063,817,56.0,8,8,0
70538,1063,832,83.5,6,6,0
70539,1063,852,18.0,13,13,0
70540,1063,840,18.0,14,14,0
70541,1063,8,2.0,17,17,0
70542,1063,841,1.0,18,18,0
70543,1063,839,42.0,10,10,1
70544,1063,847,13.0,15,15,0
70545,1063,20,35.0,12,12,0
70546,1063,854,0.0,19,19,0
70547,1063,842,54.0,9,9,0
70548,1063,849,7.0,16,16,0
70549,1063,4,38.0,11,11,0
70550,1063,853,0.0,20,20,0
70551,1064,1,221.5,2,2,4
70552,1064,830,224.5,1,1,7
70553,1064,822,123.0,3,3,0
70554,1064,846,114.0,4,4,0
70555,1064,815,108.0,5,5,1
70556,1064,844,92.0,6,6,0
70557,1064,817,56.0,9,9,0
70558,1064,832,89.5,7,7,0
70559,1064,852,18.0,13,13,0
70560,1064,840,18.0,14,14,0
70561,1064,8,2.0,17,17,0
70562,1064,841,1.0,18,18,0
70563,1064,839,44.0,11,11,1
70564,1064,847,13.0,15,15,0
70565,1064,20,35.0,12,12,0
70566,1064,854,0.0,19,19,0
70567,1064,842,66.0,8,8,0
70568,1064,849,7.0,16,16,0
70569,1064,4,46.0,10,10,0
70570,1064,853,0.0,20,20,0
70571,1064,9,0.0,21,21,0
70572,1065,1,221.5,2,2,4
70573,1065,830,226.5,1,1,7
70574,1065,822,141.0,3,3,0
70575,1065,846,132.0,4,4,0
70576,1065,815,118.0,5,5,1
70577,1065,844,104.0,6,6,0
70578,1065,817,83.0,8,8,1
70579,1065,832,97.5,7,7,0
70580,1065,852,18.0,14,14,0
70581,1065,840,24.0,13,13,0
70582,1065,8,2.0,17,17,0
70583,1065,841,1.0,18,18,0
70584,1065,839,45.0,11,11,1
70585,1065,847,15.0,15,15,0
70586,1065,20,35.0,12,12,0
70587,1065,854,0.0,19,19,0
70588,1065,842,66.0,9,9,0
70589,1065,849,7.0,16,16,0
70590,1065,4,50.0,10,10,0
70591,1065,853,0.0,21,21,0
70592,1065,9,0.0,20,20,0
70593,1066,1,246.5,1,1,5
70594,1066,830,244.5,2,2,7
70595,1066,822,151.0,3,3,0
70596,1066,846,139.0,4,4,0
70597,1066,815,120.0,5,5,1
70598,1066,844,104.0,7,7,0
70599,1066,817,95.0,8,8,1
70600,1066,832,112.5,6,6,0
70601,1066,852,18.0,14,14,0
70602,1066,840,24.0,13,13,0
70603,1066,8,6.0,17,17,0
70604,1066,841,1.0,18,18,0
70605,1066,839,45.0,11,11,1
70606,1066,847,16.0,15,15,0
70607,1066,20,35.0,12,12,0
70608,1066,854,0.0,19,19,0
70609,1066,842,66.0,9,9,0
70610,1066,849,7.0,16,16,0
70611,1066,4,58.0,10,10,0
70612,1066,853,0.0,21,21,0
70613,1066,9,0.0,20,20,0
70614,1067,1,256.5,2,2,5
70615,1067,830,262.5,1,1,7
70616,1067,822,177.0,3,3,1
70617,1067,846,145.0,4,4,0
70618,1067,815,135.0,5,5,1
70619,1067,844,116.0,7,7,0
70620,1067,817,95.0,8,8,1
70621,1067,832,116.5,6,6,0
70622,1067,852,18.0,14,14,0
70623,1067,840,26.0,13,13,0
70624,1067,8,6.0,17,17,0
70625,1067,841,1.0,18,18,0
70626,1067,839,46.0,11,11,1
70627,1067,847,16.0,15,15,0
70628,1067,20,35.0,12,12,0
70629,1067,854,0.0,19,19,0
70630,1067,842,74.0,9,9,0
70631,1067,849,7.0,16,16,0
70632,1067,4,58.0,10,10,0
70633,1067,853,0.0,21,21,0
70634,1067,9,0.0,20,20,0
70635,1069,1,275.5,2,2,5
70636,1069,830,287.5,1,1,8
70637,1069,822,185.0,3,3,1
70638,1069,846,149.0,5,5,0
70639,1069,815,150.0,4,4,1
70640,1069,844,128.0,6,6,0
70641,1069,817,105.0,8,8,1
70642,1069,832,122.5,7,7,0
70643,1069,852,20.0,14,14,0
70644,1069,840,26.0,13,13,0
70645,1069,8,6.0,17,17,0
70646,1069,841,1.0,18,18,0
70647,1069,839,46.0,11,11,1
70648,1069,847,16.0,15,15,0
70649,1069,20,36.0,12,12,0
70650,1069,854,0.0,19,19,0
70651,1069,842,74.0,9,9,0
70652,1069,849,7.0,16,16,0
70653,1069,4,58.0,10,10,0
70654,1069,853,0.0,21,21,0
70655,1069,9,0.0,20,20,0
70656,1070,1,293.5,2,2,5
70657,1070,830,312.5,1,1,9
70658,1070,822,185.0,3,3,1
70659,1070,846,150.0,5,5,0
70660,1070,815,165.0,4,4,1
70661,1070,844,138.0,6,6,0
70662,1070,817,105.0,8,8,1
70663,1070,832,130.5,7,7,0
70664,1070,852,20.0,14,14,0
70665,1070,840,26.0,13,13,0
70666,1070,8,10.0,16,16,0
70667,1070,841,1.0,18,18,0
70668,1070,839,46.0,11,11,1
70669,1070,847,16.0,15,15,0
70670,1070,20,42.0,12,12,0
70671,1070,854,0.0,19,19,0
70672,1070,842,86.0,9,9,0
70673,1070,849,7.0,17,17,0
70674,1070,4,60.0,10,10,0
70675,1070,853,0.0,21,21,0
70676,1070,9,0.0,20,20,0
70677,1071,1,318.5,2,2,6
70678,1071,830,332.5,1,1,9
70679,1071,822,203.0,3,3,1
70680,1071,846,151.0,5,5,0
70681,1071,815,178.0,4,4,1
70682,1071,844,148.0,6,6,0
70683,1071,817,105.0,8,8,1
70684,1071,832,139.5,7,7,0
70685,1071,852,20.0,14,14,0
70686,1071,840,26.0,13,13,0
70687,1071,8,10.0,16,16,0
70688,1071,841,1.0,18,18,0
70689,1071,839,50.0,11,11,1
70690,1071,847,16.0,15,15,0
70691,1071,20,42.0,12,12,0
70692,1071,854,0.0,19,19,0
70693,1071,842,92.0,9,9,0
70694,1071,849,7.0,17,17,0
70695,1071,4,62.0,10,10,0
70696,1071,853,0.0,21,21,0
70697,1071,9,0.0,20,20,0
70719,1072,1,369.5,2,2,8
70720,1072,830,369.5,1,1,9
70721,1072,822,218.0,3,3,1
70722,1072,846,154.0,6,6,0
70723,1072,815,190.0,4,4,1
70724,1072,844,158.0,5,5,0
70725,1072,817,115.0,8,8,1
70726,1072,832,149.5,7,7,0
70727,1072,852,20.0,14,14,0
70728,1072,840,34.0,13,13,0
70729,1072,8,10.0,16,16,0
70730,1072,841,3.0,18,18,0
70731,1072,839,72.0,11,11,1
70732,1072,847,16.0,15,15,0
70733,1072,20,43.0,12,12,0
70734,1072,854,0.0,19,19,0
70735,1072,842,100.0,9,9,0
70736,1072,849,7.0,17,17,0
70737,1072,4,77.0,10,10,0
70738,1072,853,0.0,21,21,0
70739,1072,9,0.0,20,20,0
70740,1073,1,387.5,2,2,8
70741,1073,830,395.5,1,1,10
70742,1073,822,226.0,3,3,1
70743,1073,846,160.0,6,6,0
70744,1073,815,190.0,4,4,1
70745,1073,844,159.0,7,7,0
70746,1073,817,115.0,8,8,1
70747,1073,832,164.5,5,5,0
70748,1073,852,32.0,14,14,0
70749,1073,840,34.0,13,13,0
70750,1073,8,10.0,16,16,0
70751,1073,841,3.0,18,18,0
70752,1073,839,74.0,11,11,1
70753,1073,847,16.0,15,15,0
70754,1073,20,43.0,12,12,0
70755,1073,854,0.0,19,19,0
70756,1073,842,110.0,9,9,0
70757,1073,849,7.0,17,17,0
70758,1073,4,81.0,10,10,0
70759,1073,853,0.0,21,21,0
70760,1073,9,0.0,20,20,0
71395,1074,842,0.0,20,20,0
71394,1074,830,0.0,19,19,0
71393,1074,815,0.0,18,18,0
71392,1074,807,0.0,17,17,0
71391,1074,849,0.0,16,16,0
71390,1074,846,0.0,15,15,0
71389,1074,817,0.0,14,14,0
71388,1074,848,0.0,13,13,0
71387,1074,840,0.0,12,12,0
71386,1074,854,0.0,11,11,0
71385,1074,855,1.0,10,10,0
71384,1074,4,2.0,9,9,0
71383,1074,852,4.0,8,8,0
71382,1074,839,6.0,7,7,0
71381,1074,822,8.0,6,6,0
71376,1074,844,26.0,1,1,1
71377,1074,832,18.0,2,2,0
71378,1074,1,15.0,3,3,0
71379,1074,847,12.0,4,4,0
71380,1074,825,10.0,5,5,0
71272,1075,844,45.0,1,1,1
71273,1075,832,33.0,2,2,0
71274,1075,1,16.0,5,5,0
71275,1075,847,22.0,4,4,0
71276,1075,825,12.0,8,8,0
71277,1075,822,8.0,9,9,0
71278,1075,839,14.0,6,6,0
71279,1075,852,4.0,11,11,0
71280,1075,4,2.0,13,13,0
71281,1075,855,1.0,14,14,0
71282,1075,854,0.0,15,15,0
71283,1075,840,0.0,16,16,0
71284,1075,848,0.0,18,18,0
71285,1075,817,0.0,19,19,0
71286,1075,846,6.0,10,10,0
71287,1075,849,0.0,20,20,0
71288,1075,807,0.0,17,17,0
71289,1075,815,12.0,7,7,0
71290,1075,830,25.0,3,3,1
71291,1075,842,4.0,12,12,0
71292,1076,844,71.0,1,1,2
71293,1076,832,33.0,3,3,0
71294,1076,1,28.0,5,5,0
71295,1076,847,37.0,2,2,0
71296,1076,825,12.0,9,9,0
71297,1076,822,12.0,10,10,0
71298,1076,839,20.0,7,7,0
71299,1076,852,4.0,13,13,0
71300,1076,4,2.0,14,14,0
71301,1076,855,1.0,15,15,0
71302,1076,854,0.0,17,17,0
71303,1076,840,0.0,18,18,0
71304,1076,848,1.0,16,16,0
71305,1076,817,8.0,11,11,0
71306,1076,846,16.0,8,8,0
71307,1076,849,0.0,20,20,0
71308,1076,807,0.0,19,19,0
71309,1076,815,30.0,4,4,0
71310,1076,830,25.0,6,6,1
71311,1076,842,6.0,12,12,0
71312,1076,20,0.0,21,21,0
71313,1077,844,86.0,1,1,2
71314,1077,832,38.0,5,5,0
71315,1077,1,28.0,7,7,0
71316,1077,847,49.0,4,4,0
71317,1077,825,15.0,10,10,0
71318,1077,822,24.0,8,8,0
71319,1077,839,20.0,9,9,0
71320,1077,852,10.0,12,12,0
71321,1077,4,2.0,15,15,0
71322,1077,855,1.0,16,16,0
71323,1077,854,0.0,19,19,0
71324,1077,840,1.0,18,18,0
71325,1077,848,1.0,17,17,0
71326,1077,817,11.0,11,11,0
71327,1077,846,35.0,6,6,0
71328,1077,849,0.0,21,21,0
71329,1077,807,0.0,20,20,0
71330,1077,815,54.0,3,3,0
71331,1077,830,59.0,2,2,2
71332,1077,842,6.0,13,13,0
71333,1077,20,4.0,14,14,0
71334,1078,844,104.0,1,1,2
71335,1078,832,53.0,5,5,0
71336,1078,1,36.0,6,6,0
71337,1078,847,59.0,4,4,0
71338,1078,825,15.0,10,10,0
71339,1078,822,30.0,8,8,0
71340,1078,839,24.0,9,9,0
71341,1078,852,10.0,12,12,0
71342,1078,4,2.0,16,16,0
71343,1078,855,1.0,18,18,0
71344,1078,854,0.0,19,19,0
71345,1078,840,2.0,17,17,0
71346,1078,848,3.0,15,15,0
71347,1078,817,11.0,11,11,0
71348,1078,846,35.0,7,7,0
71349,1078,849,0.0,21,21,0
71350,1078,807,0.0,20,20,0
71351,1078,815,66.0,3,3,0
71352,1078,830,85.0,2,2,3
71353,1078,842,6.0,13,13,0
71354,1078,20,4.0,14,14,0
71355,1079,844,104.0,2,2,2
71356,1079,832,65.0,5,5,0
71357,1079,1,46.0,6,6,0
71358,1079,847,74.0,4,4,0
71359,1079,825,15.0,10,10,0
71360,1079,822,38.0,8,8,0
71361,1079,839,30.0,9,9,0
71362,1079,852,11.0,11,11,0
71363,1079,4,4.0,15,15,0
71364,1079,855,1.0,18,18,0
71365,1079,854,0.0,19,19,0
71366,1079,840,2.0,17,17,0
71367,1079,848,3.0,16,16,0
71368,1079,817,11.0,12,12,0
71369,1079,846,39.0,7,7,0
71370,1079,849,0.0,21,21,0
71371,1079,807,0.0,20,20,0
71372,1079,815,85.0,3,3,0
71373,1079,830,110.0,1,1,4
71374,1079,842,6.0,13,13,0
71375,1079,20,4.0,14,14,0
71396,1080,844,116.0,2,2,2
71397,1080,832,83.0,5,5,0
71398,1080,1,50.0,6,6,0
71399,1080,847,84.0,4,4,0
71400,1080,825,15.0,10,10,0
71401,1080,822,40.0,8,8,0
71402,1080,839,30.0,9,9,0
71403,1080,852,11.0,12,12,0
71404,1080,4,10.0,13,13,0
71405,1080,855,1.0,18,18,0
71406,1080,854,0.0,19,19,0
71407,1080,840,2.0,17,17,0
71408,1080,848,3.0,16,16,0
71409,1080,817,11.0,11,11,0
71410,1080,846,48.0,7,7,0
71411,1080,849,0.0,21,21,0
71412,1080,807,0.0,20,20,0
71413,1080,815,110.0,3,3,1
71414,1080,830,125.0,1,1,4
71415,1080,842,6.0,14,14,0
71416,1080,20,5.0,15,15,0
71417,1081,844,116.0,3,3,2
71418,1081,832,83.0,5,5,0
71419,1081,1,62.0,6,6,0
71420,1081,847,99.0,4,4,0
71421,1081,825,15.0,12,12,0
71422,1081,822,40.0,8,8,0
71423,1081,839,31.0,9,9,0
71424,1081,852,11.0,15,15,0
71425,1081,4,16.0,11,11,0
71426,1081,855,1.0,18,18,0
71427,1081,854,0.0,19,19,0
71428,1081,840,2.0,17,17,0
71429,1081,848,3.0,16,16,0
71430,1081,817,15.0,13,13,0
71431,1081,846,50.0,7,7,0
71432,1081,849,0.0,21,21,0
71433,1081,807,0.0,20,20,0
71434,1081,815,129.0,2,2,1
71435,1081,830,150.0,1,1,5
71436,1081,842,16.0,10,10,0
71437,1081,20,13.0,14,14,0
71479,1082,20,13.0,14,14,0
71477,1082,830,175.0,1,1,6
71476,1082,815,129.0,2,2,1
71475,1082,807,0.0,20,20,0
71474,1082,849,0.0,21,21,0
71471,1082,848,3.0,17,17,0
71470,1082,840,3.0,18,18,0
71468,1082,855,5.0,16,16,0
71467,1082,4,18.0,10,10,0
71466,1082,852,11.0,15,15,0
71460,1082,832,102.0,5,5,0
71461,1082,1,77.0,6,6,0
71462,1082,847,111.0,4,4,0
71463,1082,825,15.0,12,12,0
71464,1082,822,46.0,8,8,0
71478,1082,842,16.0,11,11,0
71465,1082,839,39.0,9,9,0
71472,1082,817,15.0,13,13,0
71459,1082,844,126.0,3,3,2
71473,1082,846,50.0,7,7,0
71469,1082,854,0.0,19,19,0
71480,1083,844,138.0,3,3,2
71481,1083,832,127.0,4,4,1
71482,1083,1,93.0,6,6,0
71483,1083,847,111.0,5,5,0
71484,1083,825,16.0,12,12,0
71485,1083,822,46.0,8,8,0
71486,1083,839,39.0,9,9,0
71487,1083,852,11.0,15,15,0
71488,1083,4,28.0,10,10,0
71489,1083,855,5.0,16,16,0
71490,1083,854,4.0,17,17,0
71491,1083,840,3.0,19,19,0
71492,1083,848,3.0,18,18,0
71493,1083,817,15.0,14,14,0
71494,1083,846,58.0,7,7,0
71495,1083,849,0.0,20,20,0
71496,1083,807,0.0,21,21,0
71497,1083,815,147.0,2,2,1
71498,1083,830,181.0,1,1,6
71499,1083,842,16.0,11,11,0
71500,1083,20,15.0,13,13,0
71501,1084,844,170.0,2,2,3
71502,1084,832,133.0,4,4,1
71503,1084,1,109.0,6,6,0
71504,1084,847,128.0,5,5,0
71505,1084,825,22.0,11,11,0
71506,1084,822,46.0,9,9,0
71507,1084,839,52.0,8,8,0
71508,1084,852,11.0,16,16,0
71509,1084,4,29.0,10,10,0
71510,1084,855,5.0,17,17,0
71511,1084,854,12.0,15,15,0
71512,1084,840,3.0,19,19,0
71513,1084,848,3.0,18,18,0
71514,1084,817,17.0,12,12,0
71515,1084,846,64.0,7,7,0
71516,1084,849,0.0,20,20,0
71517,1084,807,0.0,21,21,0
71518,1084,815,151.0,3,3,1
71519,1084,830,208.0,1,1,6
71520,1084,842,16.0,13,13,0
71521,1084,20,15.0,14,14,0
71522,1085,844,170.0,2,2,3
71523,1085,832,144.0,4,4,1
71524,1085,1,127.0,6,6,0
71525,1085,847,143.0,5,5,0
71526,1085,825,22.0,11,11,0
71527,1085,822,46.0,9,9,0
71528,1085,839,56.0,8,8,0
71529,1085,852,11.0,16,16,0
71530,1085,4,37.0,10,10,0
71531,1085,855,5.0,17,17,0
71532,1085,854,12.0,15,15,0
71533,1085,840,4.0,18,18,0
71534,1085,848,3.0,19,19,0
71535,1085,817,19.0,12,12,0
71536,1085,846,70.0,7,7,0
71537,1085,849,0.0,20,20,0
71538,1085,807,0.0,21,21,0
71539,1085,815,163.0,3,3,1
71540,1085,830,233.0,1,1,7
71541,1085,842,16.0,13,13,0
71542,1085,20,15.0,14,14,0
71543,1086,844,178.0,2,2,3
71544,1086,832,156.0,5,5,1
71545,1086,1,146.0,6,6,0
71546,1086,847,158.0,4,4,0
71547,1086,825,22.0,11,11,0
71548,1086,822,46.0,9,9,0
71549,1086,839,58.0,8,8,0
71550,1086,852,11.0,16,16,0
71551,1086,4,41.0,10,10,0
71552,1086,855,5.0,17,17,0
71553,1086,854,12.0,15,15,0
71554,1086,840,4.0,18,18,0
71555,1086,848,3.0,19,19,0
71556,1086,817,19.0,12,12,0
71557,1086,846,76.0,7,7,0
71558,1086,849,0.0,20,20,0
71559,1086,807,0.0,21,21,0
71560,1086,815,173.0,3,3,1
71561,1086,830,258.0,1,1,8
71562,1086,842,16.0,13,13,0
71563,1086,20,16.0,14,14,0
71564,1087,844,186.0,3,3,3
71565,1087,832,171.0,4,4,1
71566,1087,1,146.0,6,6,0
71567,1087,847,170.0,5,5,0
71568,1087,825,22.0,11,11,0
71569,1087,822,46.0,10,10,0
71570,1087,839,64.0,8,8,0
71571,1087,852,11.0,16,16,0
71572,1087,4,51.0,9,9,0
71573,1087,855,5.0,17,17,0
71574,1087,854,12.0,15,15,0
71575,1087,840,4.0,19,19,0
71576,1087,848,4.0,18,18,0
71577,1087,817,19.0,13,13,0
71578,1087,846,76.0,7,7,0
71579,1087,849,0.0,20,20,0
71580,1087,807,0.0,21,21,0
71581,1087,815,191.0,2,2,1
71582,1087,830,284.0,1,1,9
71583,1087,842,18.0,14,14,0
71584,1087,20,20.0,12,12,0
71585,1088,844,201.0,2,2,3
71586,1088,832,175.0,5,5,1
71587,1088,1,158.0,6,6,0
71588,1088,847,188.0,4,4,0
71589,1088,825,22.0,11,11,0
71590,1088,822,46.0,10,10,0
71591,1088,839,66.0,8,8,0
71592,1088,852,11.0,16,16,0
71593,1088,4,59.0,9,9,0
71594,1088,855,5.0,17,17,0
71595,1088,854,12.0,15,15,0
71596,1088,840,5.0,18,18,0
71597,1088,848,4.0,19,19,0
71598,1088,817,19.0,13,13,0
71599,1088,846,82.0,7,7,0
71600,1088,849,0.0,20,20,0
71601,1088,807,0.0,21,21,0
71602,1088,815,201.0,3,3,1
71603,1088,830,310.0,1,1,10
71604,1088,842,18.0,14,14,0
71605,1088,20,20.0,12,12,0
71606,1089,844,219.0,2,2,3
71607,1089,832,187.0,5,5,1
71608,1089,1,168.0,6,6,0
71609,1089,847,203.0,4,4,0
71610,1089,825,22.0,12,12,0
71611,1089,822,46.0,10,10,0
71612,1089,839,66.0,8,8,0
71613,1089,852,11.0,16,16,0
71614,1089,4,59.0,9,9,0
71615,1089,855,6.0,17,17,0
71616,1089,854,12.0,15,15,0
71617,1089,840,5.0,18,18,0
71618,1089,848,4.0,19,19,0
71619,1089,817,19.0,14,14,0
71620,1089,846,88.0,7,7,0
71621,1089,849,0.0,21,21,0
71622,1089,807,0.0,22,22,0
71623,1089,815,210.0,3,3,1
71624,1089,830,335.0,1,1,11
71625,1089,842,22.0,11,11,0
71626,1089,20,20.0,13,13,0
71627,1089,856,2.0,20,20,0
71628,1091,844,237.0,2,2,3
71629,1091,832,202.0,5,5,1
71630,1091,1,170.0,6,6,0
71631,1091,847,203.0,4,4,0
71632,1091,825,22.0,14,14,0
71633,1091,822,46.0,10,10,0
71634,1091,839,66.0,8,8,0
71635,1091,852,11.0,17,17,0
71636,1091,4,59.0,9,9,0
71637,1091,855,6.0,18,18,0
71638,1091,854,12.0,16,16,0
71639,1091,840,13.0,15,15,0
71640,1091,848,4.0,19,19,0
71641,1091,817,29.0,11,11,0
71642,1091,846,100.0,7,7,0
71643,1091,849,0.0,21,21,0
71644,1091,807,0.0,22,22,0
71645,1091,815,235.0,3,3,2
71646,1091,830,341.0,1,1,11
71647,1091,842,23.0,13,13,0
71648,1091,20,24.0,12,12,0
71649,1091,856,2.0,20,20,0
71693,1092,856,2.0,21,21,0
71692,1092,20,32.0,11,11,0
71691,1092,842,23.0,13,13,0
71690,1092,830,366.0,1,1,12
71689,1092,815,253.0,2,2,2
71688,1092,807,0.0,22,22,0
71687,1092,849,2.0,20,20,0
71686,1092,846,101.0,7,7,0
71685,1092,817,29.0,12,12,0
71684,1092,848,4.0,19,19,0
71673,1092,832,202.0,5,5,1
71674,1092,1,180.0,6,6,0
71675,1092,847,207.0,4,4,0
71676,1092,825,22.0,14,14,0
71677,1092,822,46.0,10,10,0
71678,1092,839,78.0,8,8,0
71679,1092,852,11.0,17,17,0
71680,1092,4,65.0,9,9,0
71681,1092,855,6.0,18,18,0
71682,1092,854,12.0,16,16,0
71683,1092,840,13.0,15,15,0
71672,1092,844,252.0,3,3,3
71759,1093,856,2.0,21,21,0
71758,1093,20,36.0,11,11,0
71756,1093,830,391.0,1,1,13
71755,1093,815,265.0,3,3,2
71753,1093,849,2.0,20,20,0
71751,1093,817,29.0,12,12,0
71750,1093,848,4.0,19,19,0
71748,1093,854,12.0,16,16,0
71747,1093,855,6.0,18,18,0
71746,1093,4,71.0,9,9,0
71744,1093,839,78.0,8,8,0
71743,1093,822,46.0,10,10,0
71741,1093,847,218.0,4,4,0
71739,1093,832,202.0,5,5,1
71745,1093,852,12.0,17,17,0
71749,1093,840,13.0,15,15,0
71757,1093,842,23.0,14,14,0
71740,1093,1,198.0,6,6,0
71742,1093,825,24.0,13,13,0
71754,1093,807,0.0,22,22,0
71752,1093,846,109.0,7,7,0
71738,1093,844,267.0,2,2,3
71782,1095,844,290.0,2,2,3
71781,1094,856,2.0,21,21,0
71780,1094,20,36.0,11,11,0
71779,1094,842,23.0,14,14,0
71778,1094,830,416.0,1,1,14
71777,1094,815,280.0,2,2,2
71776,1094,807,0.0,22,22,0
71775,1094,849,2.0,20,20,0
71774,1094,846,111.0,7,7,0
71773,1094,817,35.0,12,12,0
71772,1094,848,4.0,19,19,0
71761,1094,832,212.0,6,6,1
71762,1094,1,216.0,5,5,0
71763,1094,847,231.0,4,4,0
71764,1094,825,24.0,13,13,0
71765,1094,822,47.0,10,10,0
71766,1094,839,82.0,8,8,0
71767,1094,852,12.0,17,17,0
71768,1094,4,71.0,9,9,0
71769,1094,855,6.0,18,18,0
71770,1094,854,12.0,16,16,0
71771,1094,840,13.0,15,15,0
71760,1094,844,275.0,3,3,3
71783,1095,832,234.0,6,6,1
71784,1095,1,240.0,5,5,0
71785,1095,847,265.0,4,4,1
71786,1095,825,25.0,13,13,0
71787,1095,822,49.0,10,10,0
71788,1095,839,86.0,8,8,0
71789,1095,852,12.0,17,17,0
71790,1095,4,81.0,9,9,0
71791,1095,855,6.0,18,18,0
71792,1095,854,12.0,16,16,0
71793,1095,840,14.0,15,15,0
71794,1095,848,4.0,19,19,0
71795,1095,817,35.0,12,12,0
71796,1095,846,113.0,7,7,0
71797,1095,849,2.0,20,20,0
71798,1095,807,0.0,22,22,0
71799,1095,815,290.0,3,3,2
71800,1095,830,429.0,1,1,14
71801,1095,842,23.0,14,14,0
71802,1095,20,36.0,11,11,0
71803,1095,856,2.0,21,21,0
71804,1096,844,308.0,2,2,3
71805,1096,832,246.0,5,5,1
71806,1096,1,240.0,6,6,0
71807,1096,847,275.0,4,4,1
71808,1096,825,25.0,13,13,0
71809,1096,822,49.0,10,10,0
71810,1096,839,92.0,8,8,0
71811,1096,852,12.0,17,17,0
71812,1096,4,81.0,9,9,0
71813,1096,855,6.0,18,18,0
71814,1096,854,12.0,16,16,0
71815,1096,840,18.0,15,15,0
71816,1096,848,4.0,19,19,0
71817,1096,817,37.0,11,11,0
71818,1096,846,122.0,7,7,0
71819,1096,849,2.0,20,20,0
71820,1096,807,0.0,22,22,0
71821,1096,815,305.0,3,3,2
71822,1096,830,454.0,1,1,15
71823,1096,842,23.0,14,14,0
71824,1096,20,37.0,12,12,0
71825,1096,856,2.0,21,21,0
72025,1098,857,0.0,20,20,0
72024,1098,844,0.0,19,19,0
72023,1098,839,0.0,18,18,0
72022,1098,846,0.0,17,17,0
72021,1098,855,0.0,16,16,0
72020,1098,807,0.0,15,15,0
72019,1098,856,0.0,14,14,0
72018,1098,825,0.0,13,13,0
72017,1098,858,0.0,12,12,0
72016,1098,852,0.0,11,11,0
72015,1098,848,1.0,10,10,0
72014,1098,842,2.0,9,9,0
72013,1098,822,4.0,8,8,0
72012,1098,847,6.0,7,7,0
72011,1098,840,8.0,6,6,0
72010,1098,1,10.0,5,5,0
72009,1098,832,12.0,4,4,0
72008,1098,4,15.0,3,3,0
72007,1098,815,18.0,2,2,0
72006,1098,830,25.0,1,1,1
71903,1099,839,4.0,10,10,0
71901,1099,855,0.0,17,17,0
71900,1099,807,0.0,15,15,0
71899,1099,856,0.0,18,18,0
71897,1099,858,0.0,16,16,0
71896,1099,852,0.0,14,14,0
71894,1099,842,4.0,11,11,0
71893,1099,822,4.0,9,9,0
71892,1099,847,18.0,6,6,0
71891,1099,840,8.0,7,7,0
71889,1099,832,20.0,4,4,0
71887,1099,815,43.0,2,2,1
71902,1099,846,0.0,20,20,0
71905,1099,857,0.0,19,19,0
71904,1099,844,6.0,8,8,0
71888,1099,4,30.0,3,3,0
71890,1099,1,20.0,5,5,0
71895,1099,848,1.0,13,13,0
71898,1099,825,1.0,12,12,0
71886,1099,830,44.0,1,1,1
71906,1100,830,69.0,1,1,2
71907,1100,815,54.0,2,2,1
71908,1100,4,45.0,3,3,0
71909,1100,832,20.0,5,5,0
71910,1100,1,38.0,4,4,0
71911,1100,840,20.0,6,6,0
71912,1100,847,18.0,7,7,0
71913,1100,822,4.0,11,11,0
71914,1100,842,4.0,14,14,0
71915,1100,848,1.0,18,18,0
71916,1100,852,1.0,16,16,0
71917,1100,858,0.0,19,19,0
71918,1100,825,1.0,17,17,0
71919,1100,856,0.0,20,20,0
71920,1100,807,6.0,9,9,0
71921,1100,855,2.0,15,15,0
71922,1100,846,8.0,8,8,0
71923,1100,839,4.0,12,12,0
71924,1100,844,6.0,10,10,0
71925,1100,857,4.0,13,13,0
71926,1101,830,93.0,1,1,2
71927,1101,815,87.0,2,2,2
71928,1101,4,60.0,3,3,0
71929,1101,832,34.0,5,5,0
71930,1101,1,48.0,4,4,0
71931,1101,840,27.0,8,8,0
71932,1101,847,28.0,7,7,0
71933,1101,822,4.0,12,12,0
71934,1101,842,4.0,14,14,0
71935,1101,848,1.0,17,17,0
71936,1101,852,2.0,16,16,0
71937,1101,858,0.0,19,19,0
71938,1101,825,1.0,18,18,0
71939,1101,856,0.0,20,20,0
71940,1101,807,6.0,10,10,0
71941,1101,855,2.0,15,15,0
71942,1101,846,10.0,9,9,0
71943,1101,839,4.0,13,13,0
71944,1101,844,28.0,6,6,0
71945,1101,857,4.0,11,11,0
71946,1102,830,119.0,1,1,3
71947,1102,815,105.0,2,2,2
71948,1102,4,75.0,3,3,0
71949,1102,832,44.0,5,5,0
71950,1102,1,56.0,4,4,0
71951,1102,840,27.0,8,8,0
71952,1102,847,40.0,6,6,0
71953,1102,822,4.0,13,13,0
71954,1102,842,8.0,10,10,0
71955,1102,848,1.0,18,18,0
71956,1102,852,2.0,16,16,0
71957,1102,858,0.0,19,19,0
71958,1102,825,2.0,17,17,0
71959,1102,856,0.0,20,20,0
71960,1102,807,6.0,11,11,0
71961,1102,855,2.0,15,15,0
71962,1102,846,10.0,9,9,0
71963,1102,839,6.0,12,12,0
71964,1102,844,34.0,7,7,0
71965,1102,857,4.0,14,14,0
71966,1104,830,144.0,1,1,4
71967,1104,815,105.0,2,2,2
71968,1104,4,93.0,3,3,0
71969,1104,832,48.0,6,6,0
71970,1104,1,69.0,4,4,0
71971,1104,840,27.0,8,8,0
71972,1104,847,50.0,5,5,0
71973,1104,822,4.0,14,14,0
71974,1104,842,14.0,10,10,0
71975,1104,848,1.0,18,18,0
71976,1104,852,2.0,16,16,0
71977,1104,858,0.0,20,20,0
71978,1104,825,2.0,17,17,0
71979,1104,856,0.0,19,19,0
71980,1104,807,6.0,12,12,0
71981,1104,855,2.0,15,15,0
71982,1104,846,12.0,11,11,0
71983,1104,839,21.0,9,9,0
71984,1104,844,42.0,7,7,0
71985,1104,857,5.0,13,13,0
72026,1105,830,170.0,1,1,5
72027,1105,815,117.0,2,2,2
72028,1105,4,99.0,3,3,0
72029,1105,832,58.0,6,6,0
72030,1105,1,87.0,4,4,0
72031,1105,840,35.0,8,8,0
72032,1105,847,65.0,5,5,0
72033,1105,822,4.0,14,14,0
72034,1105,842,15.0,10,10,0
72035,1105,848,1.0,18,18,0
72036,1105,852,2.0,16,16,0
72037,1105,858,0.0,20,20,0
72038,1105,825,2.0,17,17,0
72039,1105,856,0.0,19,19,0
72040,1105,807,6.0,12,12,0
72041,1105,855,4.0,15,15,0
72042,1105,846,12.0,11,11,0
72043,1105,839,25.0,9,9,0
72044,1105,844,42.0,7,7,0
72045,1105,857,5.0,13,13,0
72083,1106,839,29.0,9,9,0
72082,1106,846,12.0,11,11,0
72081,1106,855,4.0,16,16,0
72080,1106,807,6.0,13,13,0
72079,1106,856,0.0,19,19,0
72078,1106,825,2.0,18,18,0
72077,1106,858,0.0,20,20,0
72076,1106,852,2.0,17,17,0
72075,1106,848,7.0,12,12,0
72074,1106,842,15.0,10,10,0
72073,1106,822,5.0,15,15,0
72072,1106,847,65.0,6,6,0
72071,1106,840,37.0,8,8,0
72070,1106,1,102.0,4,4,0
72069,1106,832,68.0,5,5,0
72068,1106,4,117.0,3,3,0
72067,1106,815,126.0,2,2,2
72066,1106,830,195.0,1,1,6
72084,1106,844,54.0,7,7,0
72085,1106,857,5.0,14,14,0
72125,1107,857,5.0,14,14,0
72124,1107,844,72.0,6,6,0
72123,1107,839,31.0,9,9,0
72122,1107,846,24.0,10,10,0
72121,1107,855,4.0,16,16,0
72120,1107,807,9.0,12,12,0
72119,1107,856,0.0,20,20,0
72118,1107,825,2.0,18,18,0
72116,1107,852,2.0,17,17,0
72114,1107,842,16.0,11,11,0
72112,1107,847,72.0,7,7,0
72111,1107,840,44.0,8,8,0
72109,1107,832,82.0,5,5,0
72107,1107,815,148.0,2,2,2
72108,1107,4,131.0,3,3,0
72110,1107,1,106.0,4,4,0
72115,1107,848,7.0,13,13,0
72106,1107,830,229.0,1,1,7
72113,1107,822,5.0,15,15,0
72117,1107,858,0.0,19,19,0
72126,1108,830,255.0,1,1,8
72127,1108,815,156.0,2,2,2
72128,1108,4,137.0,3,3,0
72129,1108,832,83.0,5,5,0
72130,1108,1,121.0,4,4,0
72131,1108,840,44.0,8,8,0
72132,1108,847,82.0,6,6,0
72133,1108,822,5.0,15,15,0
72134,1108,842,16.0,12,12,0
72135,1108,848,11.0,13,13,0
72136,1108,852,2.0,17,17,0
72137,1108,858,0.0,19,19,0
72138,1108,825,2.0,18,18,0
72139,1108,856,0.0,20,20,0
72140,1108,807,9.0,14,14,0
72141,1108,855,4.0,16,16,0
72142,1108,846,42.0,9,9,0
72143,1108,839,31.0,10,10,0
72144,1108,844,74.0,7,7,0
72145,1108,857,17.0,11,11,0
72146,1109,830,281.0,1,1,9
72147,1109,815,171.0,2,2,2
72148,1109,4,139.0,3,3,0
72149,1109,832,87.0,6,6,0
72150,1109,1,133.0,4,4,0
72151,1109,840,45.0,9,9,0
72152,1109,847,90.0,5,5,0
72153,1109,822,5.0,15,15,0
72154,1109,842,16.0,12,12,0
72155,1109,848,11.0,13,13,0
72156,1109,852,2.0,17,17,0
72157,1109,858,0.0,19,19,0
72158,1109,825,2.0,18,18,0
72159,1109,856,0.0,20,20,0
72160,1109,807,9.0,14,14,0
72161,1109,855,4.0,16,16,0
72162,1109,846,60.0,8,8,0
72163,1109,839,31.0,10,10,0
72164,1109,844,80.0,7,7,0
72165,1109,857,27.0,11,11,0
72166,1109,817,0.0,21,21,0
72167,1110,830,314.0,1,1,10
72168,1110,815,189.0,2,2,2
72169,1110,4,149.0,3,3,0
72170,1110,832,92.0,7,7,0
72171,1110,1,148.0,4,4,0
72172,1110,840,47.0,9,9,0
72173,1110,847,99.0,6,6,0
72174,1110,822,5.0,15,15,0
72175,1110,842,22.0,12,12,0
72176,1110,848,11.0,13,13,0
72177,1110,852,3.0,17,17,0
72178,1110,858,0.0,19,19,0
72179,1110,825,2.0,18,18,0
72180,1110,856,0.0,20,20,0
72181,1110,807,9.0,14,14,0
72182,1110,855,4.0,16,16,0
72183,1110,846,69.0,8,8,0
72184,1110,839,35.0,10,10,0
72185,1110,844,99.0,5,5,0
72186,1110,857,34.0,11,11,0
72187,1110,817,0.0,21,21,0
72188,1111,830,339.0,1,1,11
72189,1111,815,201.0,2,2,2
72190,1111,4,168.0,3,3,0
72191,1111,832,102.0,5,5,0
72192,1111,1,156.0,4,4,0
72193,1111,840,47.0,9,9,0
72194,1111,847,99.0,7,7,0
72195,1111,822,5.0,15,15,0
72196,1111,842,37.0,10,10,0
72197,1111,848,15.0,13,13,0
72198,1111,852,3.0,17,17,0
72199,1111,858,0.0,19,19,0
72200,1111,825,2.0,18,18,0
72201,1111,856,0.0,20,20,0
72202,1111,807,9.0,14,14,0
72203,1111,855,4.0,16,16,0
72204,1111,846,75.0,8,8,0
72205,1111,839,36.0,11,11,0
72206,1111,844,99.0,6,6,0
72207,1111,857,36.0,12,12,0
72208,1111,817,0.0,21,21,0
72209,1111,859,0.0,22,22,0
72250,1112,844,111.0,6,6,0
72249,1112,839,36.0,11,11,0
72248,1112,846,79.0,8,8,0
72247,1112,855,4.0,16,16,0
72246,1112,807,9.0,14,14,0
72245,1112,856,0.0,21,21,0
72244,1112,825,2.0,18,18,0
72243,1112,858,0.0,19,19,0
72242,1112,852,3.0,17,17,0
72241,1112,848,21.0,13,13,0
72240,1112,842,37.0,10,10,0
72239,1112,822,6.0,15,15,0
72238,1112,847,109.0,7,7,0
72237,1112,840,47.0,9,9,0
72236,1112,1,164.0,4,4,0
72235,1112,832,117.0,5,5,0
72234,1112,4,170.0,3,3,0
72233,1112,815,219.0,2,2,2
72232,1112,830,364.0,1,1,12
72251,1112,857,36.0,12,12,0
72252,1112,817,0.0,22,22,0
72253,1112,859,0.0,20,20,0
72294,1113,844,123.0,6,6,0
72293,1113,839,36.0,12,12,0
72292,1113,846,97.0,8,8,0
72291,1113,855,4.0,16,16,0
72290,1113,807,9.0,14,14,0
72289,1113,856,0.0,21,21,0
72288,1113,825,3.0,18,18,0
72287,1113,858,0.0,20,20,0
72286,1113,852,3.0,17,17,0
72285,1113,848,21.0,13,13,0
72284,1113,842,45.0,10,10,0
72283,1113,822,6.0,15,15,0
72282,1113,847,109.0,7,7,0
72281,1113,840,47.0,9,9,0
72280,1113,1,180.0,3,3,0
72279,1113,832,142.0,5,5,1
72278,1113,4,170.0,4,4,0
72277,1113,815,223.0,2,2,2
72276,1113,830,374.0,1,1,12
72295,1113,857,42.0,11,11,0
72296,1113,817,0.0,22,22,0
72297,1113,859,2.0,19,19,0
72298,1114,830,400.0,1,1,13
72299,1114,815,223.0,2,2,2
72300,1114,4,174.0,4,4,0
72301,1114,832,150.0,5,5,1
72302,1114,1,190.0,3,3,0
72303,1114,840,47.0,10,10,0
72304,1114,847,115.0,8,8,0
72305,1114,822,6.0,15,15,0
72306,1114,842,46.0,11,11,0
72307,1114,848,21.0,13,13,0
72308,1114,852,3.0,17,17,0
72309,1114,858,0.0,20,20,0
72310,1114,825,3.0,18,18,0
72311,1114,856,0.0,21,21,0
72312,1114,807,9.0,14,14,0
72313,1114,855,4.0,16,16,0
72314,1114,846,115.0,7,7,0
72315,1114,839,38.0,12,12,0
72316,1114,844,135.0,6,6,0
72317,1114,857,57.0,9,9,0
72318,1114,817,0.0,22,22,0
72319,1114,859,2.0,19,19,0
72363,1115,859,2.0,19,19,0
72362,1115,817,0.0,22,22,0
72361,1115,857,83.0,9,9,0
72359,1115,839,44.0,12,12,0
72358,1115,846,136.0,7,7,0
72357,1115,855,6.0,16,16,0
72356,1115,807,9.0,15,15,0
72353,1115,858,0.0,20,20,0
72351,1115,848,23.0,13,13,0
72350,1115,842,46.0,11,11,0
72348,1115,847,132.0,8,8,0
72346,1115,1,194.0,3,3,0
72343,1115,815,224.0,2,2,2
72347,1115,840,47.0,10,10,0
72345,1115,832,153.0,5,5,1
72360,1115,844,145.0,6,6,0
72349,1115,822,10.0,14,14,0
72354,1115,825,3.0,18,18,0
72352,1115,852,3.0,17,17,0
72342,1115,830,433.0,1,1,14
72355,1115,856,0.0,21,21,0
72344,1115,4,183.0,4,4,0
72407,1116,859,2.0,19,19,0
72406,1116,817,0.0,22,22,0
72405,1116,857,83.0,9,9,0
72404,1116,844,151.0,7,7,0
72403,1116,839,44.0,12,12,0
72402,1116,846,159.0,6,6,0
72401,1116,855,6.0,17,17,0
72399,1116,856,0.0,21,21,0
72397,1116,858,1.0,20,20,0
72394,1116,842,56.0,10,10,0
72392,1116,847,143.0,8,8,0
72390,1116,1,201.0,3,3,0
72387,1116,815,240.0,2,2,2
72395,1116,848,25.0,13,13,0
72391,1116,840,53.0,11,11,0
72389,1116,832,171.0,5,5,1
72393,1116,822,10.0,14,14,0
72398,1116,825,3.0,18,18,0
72396,1116,852,8.0,16,16,0
72386,1116,830,466.0,1,1,15
72400,1116,807,9.0,15,15,0
72388,1116,4,183.0,4,4,0
72408,1117,830,491.0,1,1,16
72409,1117,815,240.0,2,2,2
72410,1117,4,183.0,5,5,0
72411,1117,832,183.0,4,4,1
72412,1117,1,220.0,3,3,0
72413,1117,840,53.0,11,11,0
72414,1117,847,151.0,8,8,0
72415,1117,822,10.0,14,14,0
72416,1117,842,56.0,10,10,0
72417,1117,848,27.0,13,13,0
72418,1117,852,8.0,16,16,0
72419,1117,858,1.0,21,21,0
72420,1117,825,3.0,19,19,0
72421,1117,856,0.0,22,22,0
72422,1117,807,9.0,15,15,0
72423,1117,855,6.0,18,18,0
72424,1117,846,169.0,6,6,0
72425,1117,839,45.0,12,12,0
72426,1117,844,166.0,7,7,0
72427,1117,857,87.0,9,9,0
72428,1117,817,6.0,17,17,0
72429,1117,859,2.0,20,20,0
72430,1118,830,524.0,1,1,17
72431,1118,815,258.0,2,2,2
72432,1118,4,198.0,4,4,0
72433,1118,832,192.0,6,6,1
72434,1118,1,226.0,3,3,0
72435,1118,840,63.0,10,10,0
72436,1118,847,156.0,8,8,0
72437,1118,822,10.0,15,15,0
72438,1118,842,62.0,11,11,0
72439,1118,848,27.0,13,13,0
72440,1118,852,13.0,14,14,0
72441,1118,858,1.0,21,21,0
72442,1118,825,3.0,19,19,0
72443,1118,856,0.0,22,22,0
72444,1118,807,9.0,16,16,0
72445,1118,855,6.0,18,18,0
72446,1118,846,195.0,5,5,0
72447,1118,839,46.0,12,12,0
72448,1118,844,170.0,7,7,0
72449,1118,857,87.0,9,9,0
72450,1118,817,6.0,17,17,0
72451,1118,859,2.0,20,20,0
72494,1119,817,6.0,17,17,0
72493,1119,857,89.0,9,9,0
72492,1119,844,188.0,7,7,0
72491,1119,839,58.0,12,12,0
72490,1119,846,195.0,6,6,0
72489,1119,855,6.0,18,18,0
72488,1119,807,9.0,16,16,0
72487,1119,856,0.0,22,22,0
72486,1119,825,3.0,19,19,0
72485,1119,858,1.0,21,21,0
72484,1119,852,13.0,14,14,0
72483,1119,848,27.0,13,13,0
72482,1119,842,62.0,11,11,0
72481,1119,822,10.0,15,15,0
72480,1119,847,160.0,8,8,0
72479,1119,840,73.0,10,10,0
72478,1119,1,232.0,3,3,0
72477,1119,832,200.0,4,4,1
72476,1119,4,200.0,5,5,0
72475,1119,815,273.0,2,2,2
72474,1119,830,549.0,1,1,18
72495,1119,859,2.0,20,20,0
72496,1120,830,575.0,1,1,19
72497,1120,815,285.0,2,2,2
72498,1120,4,206.0,4,4,0
72499,1120,832,200.0,7,7,1
72500,1120,1,234.0,3,3,0
72501,1120,840,74.0,10,10,0
72502,1120,847,175.0,8,8,0
72503,1120,822,10.0,15,15,0
72504,1120,842,62.0,11,11,0
72505,1120,848,27.0,13,13,0
72506,1120,852,17.0,14,14,0
72507,1120,858,1.0,21,21,0
72508,1120,825,3.0,19,19,0
72509,1120,856,0.0,22,22,0
72510,1120,807,9.0,16,16,0
72511,1120,855,6.0,18,18,0
72512,1120,846,205.0,6,6,0
72513,1120,839,58.0,12,12,0
72514,1120,844,206.0,5,5,0
72515,1120,857,97.0,9,9,0
72516,1120,817,6.0,17,17,0
72517,1120,859,2.0,20,20,0
72574,1121,839,0.0,17,17,0
72573,1121,807,0.0,16,16,0
72572,1121,848,0.0,15,15,0
72571,1121,852,0.0,14,14,0
72570,1121,817,0.0,13,13,0
72569,1121,825,0.0,12,12,0
72568,1121,855,0.0,11,11,0
72567,1121,840,1.0,10,10,0
72566,1121,4,2.0,9,9,0
72565,1121,857,4.0,8,8,0
72564,1121,1,6.0,7,7,0
72563,1121,846,8.0,6,6,0
72562,1121,847,10.0,5,5,0
72561,1121,844,12.0,4,4,0
72560,1121,832,15.0,3,3,0
72559,1121,815,18.0,2,2,0
72558,1121,830,26.0,1,1,1
72575,1121,842,0.0,18,18,0
72576,1121,822,0.0,19,19,0
72577,1121,858,0.0,20,20,0
72578,1122,830,51.0,1,1,2
72579,1122,815,36.0,2,2,0
72580,1122,832,15.0,6,6,0
72581,1122,844,28.0,3,3,0
72582,1122,847,18.0,4,4,0
72583,1122,846,12.0,8,8,0
72584,1122,1,8.0,9,9,0
72585,1122,857,16.0,5,5,0
72586,1122,4,12.0,7,7,0
72587,1122,840,1.0,12,12,0
72588,1122,855,0.0,14,14,0
72589,1122,825,0.0,15,15,0
72590,1122,817,0.0,16,16,0
72591,1122,852,0.0,18,18,0
72592,1122,848,0.0,13,13,0
72593,1122,807,1.0,11,11,0
72594,1122,839,0.0,17,17,0
72595,1122,842,0.0,21,21,0
72596,1122,822,0.0,20,20,0
72597,1122,858,0.0,19,19,0
72598,1122,860,6.0,10,10,0
72661,1123,860,6.0,12,12,0
72659,1123,822,0.0,20,20,0
72658,1123,842,0.0,19,19,0
72657,1123,839,0.0,18,18,0
72656,1123,807,3.0,13,13,0
72655,1123,848,0.0,15,15,0
72654,1123,852,6.0,11,11,0
72653,1123,817,0.0,17,17,0
72652,1123,825,1.0,14,14,0
72651,1123,855,0.0,16,16,0
72648,1123,857,28.0,5,5,0
72647,1123,1,8.0,10,10,0
72642,1123,815,46.0,3,3,0
72649,1123,4,16.0,8,8,0
72650,1123,840,9.0,9,9,0
72641,1123,830,51.0,1,1,2
72660,1123,858,0.0,21,21,0
72646,1123,846,27.0,6,6,0
72645,1123,847,18.0,7,7,0
72644,1123,844,47.0,2,2,0
72643,1123,832,40.0,4,4,1
72662,1124,830,77.0,1,1,3
72663,1124,815,64.0,2,2,0
72664,1124,832,55.0,4,4,1
72665,1124,844,59.0,3,3,0
72666,1124,847,24.0,7,7,0
72667,1124,846,37.0,5,5,0
72668,1124,1,10.0,9,9,0
72669,1124,857,32.0,6,6,0
72670,1124,4,24.0,8,8,0
72671,1124,840,9.0,10,10,0
72672,1124,855,0.0,16,16,0
72673,1124,825,1.0,14,14,0
72674,1124,817,0.0,17,17,0
72675,1124,852,7.0,11,11,0
72676,1124,848,0.0,15,15,0
72677,1124,807,3.0,13,13,0
72678,1124,839,0.0,18,18,0
72679,1124,842,0.0,19,19,0
72680,1124,822,0.0,20,20,0
72681,1124,858,0.0,21,21,0
72682,1124,860,6.0,12,12,0
72683,1125,830,110.0,1,1,4
72684,1125,815,85.0,2,2,0
72685,1125,832,69.0,4,4,1
72686,1125,844,76.0,3,3,0
72687,1125,847,33.0,7,7,0
72688,1125,846,58.0,5,5,0
72689,1125,1,19.0,9,9,0
72690,1125,857,38.0,6,6,0
72691,1125,4,31.0,8,8,0
72692,1125,840,9.0,10,10,0
72693,1125,855,0.0,17,17,0
72694,1125,825,1.0,14,14,0
72695,1125,817,0.0,18,18,0
72696,1125,852,7.0,11,11,0
72697,1125,848,0.0,15,15,0
72698,1125,807,4.0,13,13,0
72699,1125,839,0.0,16,16,0
72700,1125,842,0.0,19,19,0
72701,1125,822,0.0,20,20,0
72702,1125,858,0.0,21,21,0
72703,1125,860,6.0,12,12,0
72704,1126,830,136.0,1,1,4
72705,1126,815,103.0,2,2,0
72706,1126,832,83.0,5,5,1
72707,1126,844,98.0,3,3,0
72708,1126,847,37.0,7,7,0
72709,1126,846,83.0,4,4,1
72710,1126,1,27.0,9,9,0
72711,1126,857,41.0,6,6,0
72712,1126,4,33.0,8,8,0
72713,1126,840,9.0,11,11,0
72714,1126,855,0.0,18,18,0
72715,1126,825,1.0,16,16,0
72716,1126,817,5.0,14,14,0
72717,1126,852,14.0,10,10,0
72718,1126,848,0.0,17,17,0
72719,1126,807,6.0,13,13,0
72720,1126,839,1.0,15,15,0
72721,1126,842,0.0,19,19,0
72722,1126,822,0.0,20,20,0
72723,1126,858,0.0,21,21,0
72724,1126,860,6.0,12,12,0
72725,1127,830,161.0,1,1,5
72726,1127,815,107.0,3,3,0
72727,1127,832,93.0,5,5,1
72728,1127,844,113.0,2,2,0
72729,1127,847,44.0,7,7,0
72730,1127,846,101.0,4,4,1
72731,1127,1,35.0,8,8,0
72732,1127,857,53.0,6,6,0
72733,1127,4,33.0,9,9,0
72734,1127,840,11.0,11,11,0
72735,1127,855,0.0,18,18,0
72736,1127,825,1.0,16,16,0
72737,1127,817,5.0,14,14,0
72738,1127,852,15.0,10,10,0
72739,1127,848,0.0,17,17,0
72740,1127,807,6.0,13,13,0
72741,1127,839,1.0,15,15,0
72742,1127,842,0.0,19,19,0
72743,1127,822,0.0,20,20,0
72744,1127,858,0.0,21,21,0
72745,1127,860,6.0,12,12,0
72786,1128,858,0.0,21,21,0
72784,1128,842,1.0,18,18,0
72781,1128,848,2.0,15,15,0
72780,1128,852,19.0,10,10,0
72779,1128,817,5.0,14,14,0
72778,1128,825,1.0,17,17,0
72775,1128,4,33.0,9,9,0
72774,1128,857,71.0,6,6,0
72772,1128,846,113.0,3,3,1
72768,1128,815,107.0,5,5,0
72787,1128,860,6.0,12,12,0
72785,1128,822,0.0,20,20,0
72783,1128,839,1.0,16,16,0
72782,1128,807,6.0,13,13,0
72777,1128,855,0.0,19,19,0
72767,1128,830,169.0,1,1,5
72776,1128,840,11.0,11,11,0
72773,1128,1,42.0,8,8,0
72771,1128,847,54.0,7,7,0
72770,1128,844,138.0,2,2,1
72769,1128,832,108.0,4,4,1
72788,1129,830,194.0,1,1,6
72789,1129,815,107.0,5,5,0
72790,1129,832,108.0,4,4,1
72791,1129,844,138.0,2,2,1
72792,1129,847,69.0,7,7,0
72793,1129,846,131.0,3,3,1
72794,1129,1,55.0,8,8,0
72795,1129,857,81.0,6,6,0
72796,1129,4,41.0,9,9,0
72797,1129,840,17.0,11,11,0
72798,1129,855,0.0,19,19,0
72799,1129,825,1.0,18,18,0
72800,1129,817,9.0,12,12,0
72801,1129,852,19.0,10,10,0
72802,1129,848,2.0,16,16,0
72803,1129,807,6.0,14,14,0
72804,1129,839,2.0,17,17,0
72805,1129,842,3.0,15,15,0
72806,1129,822,0.0,20,20,0
72807,1129,858,0.0,21,21,0
72808,1129,860,6.0,13,13,0
72809,1130,830,219.0,1,1,7
72810,1130,815,111.0,5,5,0
72811,1130,832,116.0,4,4,1
72812,1130,844,148.0,3,3,1
72813,1130,847,81.0,7,7,0
72814,1130,846,150.0,2,2,1
72815,1130,1,70.0,8,8,0
72816,1130,857,87.0,6,6,0
72817,1130,4,41.0,9,9,0
72818,1130,840,17.0,11,11,0
72819,1130,855,0.0,19,19,0
72820,1130,825,1.0,18,18,0
72821,1130,817,9.0,12,12,0
72822,1130,852,19.0,10,10,0
72823,1130,848,2.0,17,17,0
72824,1130,807,6.0,14,14,0
72825,1130,839,3.0,16,16,0
72826,1130,842,5.0,15,15,0
72827,1130,822,0.0,20,20,0
72828,1130,858,0.0,21,21,0
72829,1130,860,6.0,13,13,0
72830,1131,830,237.0,1,1,7
72831,1131,815,118.0,5,5,0
72832,1131,832,135.0,4,4,1
72833,1131,844,150.0,3,3,1
72834,1131,847,111.0,7,7,1
72835,1131,846,156.0,2,2,1
72836,1131,1,85.0,8,8,0
72837,1131,857,112.0,6,6,0
72838,1131,4,41.0,9,9,0
72839,1131,840,17.0,11,11,0
72840,1131,855,0.0,19,19,0
72841,1131,825,5.0,16,16,0
72842,1131,817,11.0,13,13,0
72843,1131,852,19.0,10,10,0
72844,1131,848,2.0,18,18,0
72845,1131,807,14.0,12,12,0
72846,1131,839,3.0,17,17,0
72847,1131,842,6.0,15,15,0
72848,1131,822,0.0,20,20,0
72849,1131,858,0.0,21,21,0
72850,1131,860,6.0,14,14,0
72851,1132,830,255.0,1,1,7
72852,1132,815,118.0,6,6,0
72853,1132,832,146.0,4,4,1
72854,1132,844,150.0,3,3,1
72855,1132,847,111.0,7,7,1
72856,1132,846,171.0,2,2,1
72857,1132,1,110.0,8,8,1
72858,1132,857,124.0,5,5,0
72859,1132,4,45.0,9,9,0
72860,1132,840,23.0,10,10,0
72861,1132,855,0.0,19,19,0
72862,1132,825,5.0,16,16,0
72863,1132,817,11.0,13,13,0
72864,1132,852,20.0,12,12,0
72865,1132,848,4.0,17,17,0
72866,1132,807,22.0,11,11,0
72867,1132,839,3.0,18,18,0
72868,1132,842,6.0,15,15,0
72869,1132,822,0.0,21,21,0
72870,1132,858,0.0,20,20,0
72871,1132,860,6.0,14,14,0
72872,1133,830,265.0,1,1,7
72873,1133,815,124.0,7,7,0
72874,1133,832,154.0,4,4,1
72875,1133,844,162.0,3,3,1
72876,1133,847,116.0,8,8,1
72877,1133,846,189.0,2,2,1
72878,1133,1,125.0,6,6,1
72879,1133,857,149.0,5,5,1
72880,1133,4,45.0,9,9,0
72881,1133,840,24.0,10,10,0
72882,1133,855,0.0,19,19,0
72883,1133,825,5.0,16,16,0
72884,1133,817,11.0,13,13,0
72885,1133,852,22.0,12,12,0
72886,1133,848,4.0,17,17,0
72887,1133,807,22.0,11,11,0
72888,1133,839,3.0,18,18,0
72889,1133,842,6.0,15,15,0
72890,1133,822,0.0,21,21,0
72891,1133,858,0.0,20,20,0
72892,1133,860,6.0,14,14,0
72977,1135,830,295.0,1,1,7
72976,1134,860,6.0,14,14,0
72975,1134,858,0.0,20,20,0
72974,1134,822,0.0,21,21,0
72973,1134,842,6.0,15,15,0
72972,1134,839,5.0,17,17,0
72971,1134,807,22.0,11,11,0
72970,1134,848,4.0,18,18,0
72969,1134,852,22.0,12,12,0
72968,1134,817,12.0,13,13,0
72967,1134,825,5.0,16,16,0
72966,1134,855,0.0,19,19,0
72956,1134,830,277.0,1,1,7
72957,1134,815,131.0,7,7,0
72958,1134,832,162.0,5,5,1
72959,1134,844,177.0,3,3,1
72960,1134,847,116.0,8,8,1
72961,1134,846,199.0,2,2,1
72962,1134,1,150.0,6,6,2
72963,1134,857,167.0,4,4,1
72964,1134,4,49.0,9,9,0
72965,1134,840,24.0,10,10,0
72978,1135,815,139.0,7,7,0
72979,1135,832,172.0,5,5,1
72980,1135,844,192.0,3,3,1
72981,1135,847,122.0,8,8,1
72982,1135,846,225.0,2,2,2
72983,1135,1,154.0,6,6,2
72984,1135,857,179.0,4,4,1
72985,1135,4,50.0,9,9,0
72986,1135,840,24.0,10,10,0
72987,1135,855,0.0,19,19,0
72988,1135,825,5.0,16,16,0
72989,1135,817,12.0,13,13,0
72990,1135,852,22.0,12,12,0
72991,1135,848,4.0,18,18,0
72992,1135,807,22.0,11,11,0
72993,1135,839,5.0,17,17,0
72994,1135,842,8.0,14,14,0
72995,1135,822,0.0,21,21,0
72996,1135,858,0.0,20,20,0
72997,1135,860,6.0,15,15,0
73038,1136,822,0.0,22,22,0
73037,1136,842,8.0,14,14,0
73036,1136,839,5.0,18,18,0
73035,1136,807,22.0,11,11,0
73034,1136,848,6.0,17,17,0
73033,1136,852,22.0,12,12,0
73032,1136,817,12.0,13,13,0
73031,1136,825,6.0,16,16,0
73030,1136,855,0.0,19,19,0
73029,1136,840,24.0,10,10,0
73028,1136,4,50.0,9,9,0
73027,1136,857,197.0,4,4,1
73026,1136,1,164.0,6,6,2
73025,1136,846,241.0,2,2,2
73024,1136,847,128.0,8,8,1
73023,1136,844,217.0,3,3,2
73022,1136,832,184.0,5,5,1
73021,1136,815,143.0,7,7,0
73020,1136,830,303.0,1,1,7
73039,1136,858,0.0,20,20,0
73040,1136,860,6.0,15,15,0
73041,1136,861,0.0,21,21,0
73042,1137,830,313.0,1,1,7
73043,1137,815,143.0,8,8,0
73044,1137,832,184.0,5,5,1
73045,1137,844,235.0,3,3,2
73046,1137,847,143.0,7,7,1
73047,1137,846,254.0,2,2,2
73048,1137,1,166.0,6,6,2
73049,1137,857,222.0,4,4,2
73050,1137,4,58.0,9,9,0
73051,1137,840,24.0,10,10,0
73052,1137,855,0.0,20,20,0
73053,1137,825,6.0,17,17,0
73054,1137,817,12.0,14,14,0
73055,1137,852,22.0,12,12,0
73056,1137,848,12.0,13,13,0
73057,1137,807,22.0,11,11,0
73058,1137,839,5.0,18,18,0
73059,1137,842,8.0,15,15,0
73060,1137,822,0.0,22,22,0
73061,1137,858,0.0,21,21,0
73062,1137,860,7.0,16,16,0
73063,1137,861,4.0,19,19,0
73064,1138,830,331.0,1,1,7
73065,1138,815,144.0,8,8,0
73066,1138,832,190.0,5,5,1
73067,1138,844,245.0,3,3,2
73068,1138,847,155.0,7,7,1
73069,1138,846,279.0,2,2,3
73070,1138,1,174.0,6,6,2
73071,1138,857,237.0,4,4,2
73072,1138,4,62.0,9,9,0
73073,1138,840,24.0,11,11,0
73074,1138,855,0.0,20,20,0
73075,1138,825,6.0,17,17,0
73076,1138,817,12.0,14,14,0
73077,1138,852,22.0,12,12,0
73078,1138,848,12.0,13,13,0
73079,1138,807,24.0,10,10,0
73080,1138,839,5.0,18,18,0
73081,1138,842,8.0,15,15,0
73082,1138,822,0.0,22,22,0
73083,1138,858,0.0,21,21,0
73084,1138,860,7.0,16,16,0
73085,1138,861,4.0,19,19,0
73086,1139,830,354.0,1,1,7
73087,1139,815,150.0,8,8,0
73088,1139,832,215.0,5,5,1
73089,1139,844,275.0,3,3,3
73090,1139,847,167.0,7,7,1
73091,1139,846,297.0,2,2,3
73092,1139,1,177.0,6,6,2
73093,1139,857,247.0,4,4,2
73094,1139,4,62.0,9,9,0
73095,1139,840,24.0,11,11,0
73096,1139,855,0.0,21,21,0
73097,1139,825,8.0,15,15,0
73098,1139,817,12.0,14,14,0
73099,1139,852,22.0,12,12,0
73100,1139,848,12.0,13,13,0
73101,1139,807,29.0,10,10,0
73102,1139,839,5.0,19,19,0
73103,1139,842,8.0,16,16,0
73104,1139,822,0.0,23,23,0
73105,1139,858,0.0,22,22,0
73106,1139,860,7.0,17,17,0
73107,1139,861,5.0,18,18,0
73108,1139,859,2.0,20,20,0
73109,1140,830,362.0,1,1,7
73110,1140,815,150.0,8,8,0
73111,1140,832,240.0,5,5,2
73112,1140,844,291.0,3,3,3
73113,1140,847,177.0,7,7,1
73114,1140,846,315.0,2,2,3
73115,1140,1,189.0,6,6,2
73116,1140,857,251.0,4,4,2
73117,1140,4,62.0,9,9,0
73118,1140,840,24.0,11,11,0
73119,1140,855,0.0,21,21,0
73120,1140,825,14.0,13,13,0
73121,1140,817,12.0,15,15,0
73122,1140,852,22.0,12,12,0
73123,1140,848,12.0,14,14,0
73124,1140,807,31.0,10,10,0
73125,1140,839,5.0,19,19,0
73126,1140,842,9.0,16,16,0
73127,1140,822,0.0,23,23,0
73128,1140,858,0.0,22,22,0
73129,1140,860,7.0,17,17,0
73130,1140,861,5.0,18,18,0
73131,1140,859,2.0,20,20,0
73175,1141,860,7.0,18,18,0
73174,1141,858,0.0,22,22,0
73173,1141,822,0.0,23,23,0
73172,1141,842,26.0,12,12,0
73171,1141,839,23.0,14,14,0
73170,1141,807,31.0,10,10,0
73169,1141,848,12.0,16,16,0
73168,1141,852,28.0,11,11,0
73167,1141,817,12.0,17,17,0
73166,1141,825,14.0,15,15,0
73165,1141,855,0.0,21,21,0
73164,1141,840,24.0,13,13,0
73163,1141,4,62.0,9,9,0
73162,1141,857,262.0,4,4,2
73161,1141,1,190.0,7,7,2
73160,1141,846,331.0,2,2,3
73159,1141,847,192.0,6,6,1
73158,1141,844,307.0,3,3,3
73157,1141,832,244.0,5,5,2
73156,1141,815,151.0,8,8,0
73155,1141,830,393.0,1,1,8
73176,1141,861,5.0,19,19,0
73177,1141,859,4.0,20,20,0
73222,1142,861,5.0,19,19,0
73220,1142,858,0.0,22,22,0
73218,1142,842,26.0,12,12,0
73217,1142,839,23.0,14,14,0
73216,1142,807,35.0,10,10,0
73215,1142,848,12.0,16,16,0
73214,1142,852,30.0,11,11,0
73212,1142,825,14.0,15,15,0
73210,1142,840,24.0,13,13,0
73208,1142,857,268.0,4,4,2
73206,1142,846,340.0,2,2,3
73202,1142,815,152.0,8,8,0
73221,1142,860,7.0,18,18,0
73223,1142,859,4.0,20,20,0
73219,1142,822,0.0,23,23,0
73211,1142,855,0.0,21,21,0
73207,1142,1,208.0,7,7,2
73209,1142,4,62.0,9,9,0
73213,1142,817,12.0,17,17,0
73204,1142,844,319.0,3,3,3
73203,1142,832,259.0,5,5,2
73201,1142,830,403.0,1,1,8
73205,1142,847,217.0,6,6,2
73224,1143,830,429.0,1,1,9
73225,1143,815,152.0,8,8,0
73226,1143,832,272.0,5,5,2
73227,1143,844,341.0,3,3,3
73228,1143,847,235.0,6,6,2
73229,1143,846,349.0,2,2,3
73230,1143,1,211.0,7,7,2
73231,1143,857,291.0,4,4,2
73232,1143,4,68.0,9,9,0
73233,1143,840,24.0,13,13,0
73234,1143,855,4.0,20,20,0
73235,1143,825,16.0,15,15,0
73236,1143,817,12.0,17,17,0
73237,1143,852,30.0,12,12,0
73238,1143,848,12.0,16,16,0
73239,1143,807,37.0,10,10,0
73240,1143,839,23.0,14,14,0
73241,1143,842,36.0,11,11,0
73242,1143,822,0.0,22,22,0
73243,1143,858,0.0,23,23,0
73244,1143,860,7.0,18,18,0
73245,1143,861,5.0,19,19,0
73246,1143,859,4.0,21,21,0
73247,1144,830,437.0,1,1,9
73248,1144,815,152.0,8,8,0
73249,1144,832,290.0,5,5,2
73250,1144,844,356.0,3,3,3
73251,1144,847,245.0,6,6,2
73252,1144,846,374.0,2,2,4
73253,1144,1,223.0,7,7,2
73254,1144,857,292.0,4,4,2
73255,1144,4,70.0,9,9,0
73256,1144,840,24.0,13,13,0
73257,1144,855,4.0,20,20,0
73258,1144,825,16.0,15,15,0
73259,1144,817,12.0,17,17,0
73260,1144,852,30.0,12,12,0
73261,1144,848,12.0,16,16,0
73262,1144,807,41.0,11,11,0
73263,1144,839,23.0,14,14,0
73264,1144,842,42.0,10,10,0
73265,1144,822,0.0,22,22,0
73266,1144,858,0.0,23,23,0
73267,1144,860,7.0,18,18,0
73268,1144,861,5.0,19,19,0
73269,1144,859,4.0,21,21,0
73270,1144,862,0.0,24,24,0
